"Agriculture, forestry, fishing, and hunting"
Mining
Utilities
Construction
Manufacturing
Wholesale trade
Retail trade
Transportation and warehousing
Information
Finance and insurance
Real estate and rental and leasing
Professional and business services
Management of companies and enterprises
Administrative and waste management services
Educational services
Health care and social assistance
"Arts, entertainment, and recreation"
Accommodation and food services
"Other services, except government"
Government
No attribution
